"image","xmin","ymin","xmax","ymax","label"
"fire_10.jpg",364.2504355400697,172.02380952380952,423.1215156794425,361.98593073593076,"Fire"
"fire_100.jpg",63.704497390208786,43.96753246753247,121.71385664146868,85.36038961038962,"Fire"
"fire_100.jpg",106.8650445464363,87.53896103896105,124.08966657667388,116.85064935064936,"Fire"
"fire_101.jpg",195.84475374732332,42.15151515151515,228.54710920770876,92.18181818181819,"Fire"
"fire_102.jpg",56.0303239145417,18.035977859778598,194.3487250172295,117.43081180811808,"Fire"
"fire_1.jpg",236.51550654720882,5.989833047945205,571.3576843556168,426.5446275684931,"Fire"
"fire_1.jpg",10.629910406616277,0,964,178.71917808219177,"Fire"
"fire_1.jpg",210.605099931082,15.95558647260274,766.0179186767746,287.02407962328766,"Fire"
"fire_103.jpg",96.96760854583046,45.93265682656827,192.07443142660236,112.05811808118082,"Fire"
"fire_105.jpg",1.0337698139214335,0.6780442804428044,297.72570640937283,165.57841328413284,"Fire"
"fire_106.jpg",43.563059958649205,49.76481481481481,275.2770503101309,126.50555555555555,"Fire"
"fire_104.jpg",97.58787043418333,43.86623616236162,190.42039972432806,112.47140221402213,"Fire"
"fire_107.jpg",226.47002067539628,104.73090277777777,240.76085458304618,117.62772817460316,"Fire"
"fire_107.jpg",105.99035148173674,12.270585317460316,227.8594073053067,74.57217261904762,"Fire"
"fire_108.jpg",133.35630599586491,21.96217712177122,223.9145416953825,107.5119926199262,"Fire"
"fire_109.jpg",40.39547038327528,0,167.13240418118468,200.487012987013,"Fire"
"fire_110.jpg",89.43211578221916,7.140644171779141,280.8662991040662,105.054754601227,"Fire"
"fire_111.jpg",33.287388008270156,73.62269372693727,75.87870434183321,116.1909594095941,"Fire"
"fire_111.jpg",157.33976567884218,81.68173431734317,184.8380427291523,106.27214022140221,"Fire"
"fire_111.jpg",115.36871123363198,78.78874538745387,136.8711233631978,98.00645756457564,"Fire"
"fire_11.jpg",235.18263266712611,132.36192714453583,349.4141971054445,337.4405111633372,"Fire"
"fire_11.jpg",185.5616815988973,319.8611927144535,268.78015161957273,366.91172150411273,"Fire"
"fire_11.jpg",625.4307374224672,356.05390716803754,670.9166092350104,388.11031139835484,"Fire"
"fire_11.jpg",270.33080634045484,343.6449764982373,318.4011026878015,362.775411280846,"Fire"
"fire_112.jpg",3.618110737571312,2.321428571428571,169.10792328850854,90.11363636363636,"Fire"
"fire_112.jpg",92.48445140586797,100.6655844155844,117.39235686634066,148.57142857142856,"Fire"
"fire_113.jpg",0.8507442611190819,20.993506493506494,128.3572005021521,118.83116883116884,"Fire"
"fire_113.jpg",95.09464670014347,16.636363636363637,232.5006725251076,95.26298701298703,"Fire"
"fire_114.jpg",91.8847874476257,42.27272727272727,163.97277627444134,127.20779220779221,"Fire"
"fire_115.jpg",71.63611302549965,87.55467021570796,159.51757408683665,137.4827675608407,"Fire"
"fire_116.jpg",68.44238372093024,64.15584415584416,138.90377906976744,154.42424242424244,"Fire"
"fire_116.jpg",149.03401162790698,46.5974025974026,239.980988372093,150.5974025974026,"Fire"
"fire_117.jpg",2.0345315024232633,13.857142857142858,133.71466074313406,117.57575757575758,"Fire"
"fire_120.jpg",138.284325,35.50865800865801,253.333125,147.2564935064935,"Fire"
"fire_118.jpg",3.0846122778675285,13.857142857142858,132.24454765751213,117.99567099567099,"Fire"
"fire_12.jpg",364.54858718125433,23.223805147058822,840.2481047553413,432.8561580882353,"Fire"
"fire_119.jpg",70.03999055075595,45.353896103896105,140.91832028437727,128.1396103896104,"Fire"
"fire_119.jpg",140.72033612311014,76.25,185.86072489200865,89.51948051948052,"Fire"
"fire_121.jpg",30.443158297336215,61,65.88232316414687,127.54545454545455,"Fire"
"fire_124.jpg",67.8669882839421,1.3474304552023122,189.0420399724328,43.68124548410405,"Fire"
"fire_124.jpg",158.5802894555479,32.92980039739884,206.960716747071,94.97459808526011,"Fire"
"fire_125.jpg",83.52860096485183,88.08763837638377,118.0565127498277,106.27214022140221,"Fire"
"fire_125.jpg",126.11991729841489,69.28321033210332,223.50103376981394,108.75184501845018,"Fire"
"fire_122.jpg",137.9958649207443,34.67079248366013,173.7725706409373,81.33353758169935,"Fire"
"fire_122.jpg",164.1895244658856,79.84203431372549,185.91109579600277,123.94791666666666,"Fire"
"fire_122.jpg",126.7091660923501,93.69170751633986,144.8104755341144,101.57536764705881,"Fire"
"fire_123.jpg",143.21502412129564,27.34187116564417,232.85320468642314,99.48911042944786,"Fire"
"fire_127.jpg",181.9434872501723,8.32380073800738,235.49276361130256,113.2979704797048,"Fire"
"fire_126.jpg",61.72226050999311,5.272491197183099,229.63335630599587,86.42601232394367,"Fire"
"fire_126.jpg",224.7663680220538,1.2922095070422537,305.07167470709857,82.48028169014086,"Fire"
"fire_13.jpg",382.4661098700244,198.67965367965368,473.79023659626324,358.80952380952385,"Fire"
"fire_13.jpg",275.7236240861089,62.27272727272727,375.9429579610073,263.9177489177489,"Fire"
"fire_129.jpg",52.27534128900446,26.974025974025977,115.4952521359584,73.87662337662339,"Fire"
"fire_129.jpg",175.29242895616642,48.311688311688314,207.70773356240713,74.07792207792208,"Fire"
"fire_128.jpg",15.426670146137786,21.233766233766236,193.71477035490602,141.62337662337663,"Fire"
"fire_130.jpg",132.08752584424533,38.47315950920245,172.88835286009646,95.7786809815951,"Fire"
"fire_131.jpg",156.84756128444084,29.393939393939394,245.20979791329012,90.91125541125541,"Fire"
"fire_131.jpg",112.5614996961102,73.48484848484848,135.4391334076175,112.11688311688312,"Fire"
"fire_132.jpg",53.163606665316046,58.997835497835496,142.5752760332253,89.02164502164501,"Fire"
"fire_132.jpg",152.64983032820098,41.99134199134199,194.4172533427877,93.0108225108225,"Fire"
"fire_133.jpg",126.9986216402481,0.4514766979768786,297.6740179186768,122.5251761199422,"Fire"
"fire_134.jpg",0,43.327605956471935,56.27980702963474,117.37113402061854,"Fire"
"fire_134.jpg",32.08132322536182,1.1741122565864832,86.52791178497588,57.98969072164948,"Fire"
"fire_134.jpg",93.49414197105445,0.2577319587628865,196.88766368022056,76.50057273768614,"Fire"
"fire_134.jpg",148.4906960716747,68.61970217640321,229.70227429359062,151.46048109965636,"Fire"
"fire_136.jpg",121.73670830237742,93.20129870129871,163.61486580609213,155.60389610389612,"Fire"
"fire_136.jpg",84.48930859955424,127.62337662337663,113.88455377043091,171.10389610389612,"Fire"
"fire_135.jpg",63.11054490640749,23.370129870129873,113.79449019078474,103.77922077922078,"Fire"
"fire_137.jpg",146.381805651275,28.161439114391143,212.749827705031,114.53782287822878,"Fire"
"fire_138.jpg",162.0909090909091,0,251,111.63636363636364,"Fire"
"fire_138.jpg",31.545454545454547,1.0909090909090908,251.1818181818182,62.909090909090914,"Fire"
"fire_139.jpg",31.873190902825637,13.98215747816594,158.1998621640248,102.78783433406115,"Fire"
"fire_139.jpg",114.47139903514817,11.26163346069869,160.92074431426602,146.7048649017467,"Fire"
"fire_139.jpg",160.53204686423157,1.9341225436681224,241.57546519641627,89.3795373908297,"Fire"
"fire_14.jpg",177.5327360441075,71.96148255813954,453.4803583735355,370.6649709302326,"Fire"
"fire_140.jpg",162.13507925568572,20.029067955112218,209.38111647139903,93.53405548628427,"Fire"
"fire_140.jpg",238.10337698139213,38.35325748129676,257.0434183321847,96.24103802992519,"Fire"
"fire_140.jpg",215.00068917987593,29.3993921446384,234.35699517574085,54.803382169576054,"Fire"
"fire_140.jpg",10.406616126809096,84.99664900249377,62.2315644383184,113.52408042394015,"Fire"
"fire_140.jpg",37.04755341144038,18.15500311720698,131.3314955203308,88.95300810473816,"Fire"
"fire_140.jpg",98.86285320468642,110.81709788029924,115.72157133011716,123.31086346633415,"Fire"
"fire_141.jpg",104.74293989862419,56.55411255411256,177.42577842143373,131.62770562770564,"Fire"
"fire_141.jpg",96.18030412744388,98.96969696969697,113.30557566980448,129.43722943722943,"Fire"
"fire_141.jpg",72.4837074583635,152.33766233766235,82.04199855177407,169.86147186147187,"Fire"
"fire_141.jpg",67.90369297610427,98.37229437229438,87.61766835626358,126.25108225108225,"Fire"
"fire_142.jpg",50.24157442404608,0.7922077922077922,152.9953541216703,145.76623376623377,"Fire"
"fire_143.jpg",32.242376422475104,30.333333333333332,81.6925897937411,69.53030303030303,"Fire"
"fire_143.jpg",115.77580458748221,6.1060606060606055,255.45788140113797,70.31818181818181,"Fire"
"fire_143.jpg",159.51264669274536,17.727272727272727,189.06456703413937,126.84848484848484,"Fire"
"fire_143.jpg",242.8490620554765,111.28787878787878,268.46072635135135,127.04545454545453,"Fire"
"fire_144.jpg",89.027637283237,73.71969696969697,141.45249277456648,156.4090909090909,"Fire"
"fire_146.jpg",36.97663561915047,26.340909090909093,91.8182482901368,126.75324675324676,"Fire"
"fire_146.jpg",44.500033747300215,25.944805194805195,168.04215037796976,100.61038961038962,"Fire"
"fire_145.jpg",62.72715692934782,9.54004329004329,113.76882359601449,79.6482683982684,"Fire"
"fire_145.jpg",121.53603374094202,38.38203463203463,220.7344033061594,73.4361471861472,"Fire"
"fire_147.jpg",69.6043046357616,2.002164502164502,272,116.92640692640693,"Fire"
"fire_148.jpg",83.8878504672897,29.403679653679653,186.61314739096565,99.27380952380952,"Fire"
"fire_149.jpg",89.55088773314203,2.178571428571429,210.32563665710188,96.45129870129871,"Fire"
"fire_149.jpg",116.87369978479197,140.02272727272728,136.4748475609756,155.27272727272728,"Fire"
"fire_15.jpg",2.653342522398346,37.666953890931374,141.68849069607165,301.3936695772059,"Fire"
"fire_15.jpg",156.0165403170227,0.5223460477941176,331.13714679531347,231.88848039215685,"Fire"
"fire_15.jpg",714.8104755341144,102.93533624387256,770,260.0039636948529,"Fire"
"fire_150.jpg",61.61268090971744,9.77029520295203,225.98208132322537,154.21309963099634,"Fire"
"fire_151.jpg",41.97769396551725,1.0227272727272727,116.45125718390806,109.02272727272727,"Fire"
"fire_151.jpg",112.97309626436783,2.25,267,91.43181818181819,"Fire"
"fire_152.jpg",206.22880771881464,2.135330578512397,286.8793935217092,136.16838842975207,"Fire"
"fire_152.jpg",127.55065472088216,13.304752066115702,198.77739490006894,100.25103305785123,"Fire"
"fire_153.jpg",95.35080277552673,66.76623376623377,159.15631331037275,107.07792207792208,"Fire"
"fire_153.jpg",44.13848510940032,70.75541125541126,62.18872822123176,104.55844155844156,"Fire"
"fire_154.jpg",15.990314524838015,2.574675324675325,195.95791711663068,75.45779220779221,"Fire"
"fire_155.jpg",37.29772570640937,41.77131901840491,172.8883528600965,152.05352760736196,"Fire"
"fire_155.jpg",109.00827015851137,130.61549079754602,152.69400413507924,154.8073619631902,"Fire"
"fire_157.jpg",65.95451412818745,53.57841328413284,112.0606478290834,158.55258302583027,"Fire"
"fire_157.jpg",89.73121984838043,119.91051660516605,164.36940041350795,166.19833948339482,"Fire"
"fire_156.jpg",78.76976549837926,1.4696969696969697,179.51530844813612,161.87662337662337,"Fire"
"fire_158.jpg",124.67263955892489,102.96586715867159,156.51274982770502,140.78136531365314,"Fire"
"fire_158.jpg",142.24672639558926,17.829335793357934,193.10820124052378,102.75922509225092,"Fire"
"fire_159.jpg",41.95244658855962,1.2185049019607843,152.47691247415577,161.02242647058824,"Fire"
"fire_160.jpg",76.65914909638553,5.12987012987013,195.22059487951805,129.5292207792208,"Fire"
"fire_161.jpg",51.084769124741555,0.8168383573008849,175.17574086836663,106.3511303926991,"Fire"
"fire_16.jpg",341.83321847002065,35.973526554404145,532.8325292901447,238.0958549222798,"Fire"
"fire_16.jpg",199.11784975878703,26.50259067357513,542.6602343211578,202.25590997409327,"Fire"
"fire_162.jpg",75.5835470662347,32.08441558441559,209.81680840532758,147.9448051948052,"Fire"
"fire_163.jpg",78.18199545813586,58.80519480519481,213.0058501184834,114.4935064935065,"Fire"
"fire_164.jpg",95.10682288077189,1.0913284132841328,293.7973811164714,148.84040590405905,"Fire"
"fire_164.jpg",3.514817367332874,62.670664206642066,99.03514817367332,114.33118081180811,"Fire"
"fire_165.jpg",55.29329166666666,121.53571428571429,102.69595833333332,181.62987012987014,"Fire"
"fire_166.jpg",120.1299833513319,0.19805194805194806,215.95431740460765,67.93181818181819,"Fire"
"fire_166.jpg",0.943518268538517,58.42532467532468,52.81536852051836,150.71753246753246,"Fire"
"fire_166.jpg",216.15230156587475,60.20779220779221,258.9168803995681,79.81493506493507,"Fire"
"fire_166.jpg",157.35100566954645,68.92207792207793,189.02847147228223,111.70129870129871,"Fire"
"fire_166.jpg",59.348845842332615,66.94155844155844,100.33156722462203,97.24350649350649,"Fire"
"fire_169.jpg",73.16081460674157,19.11038961038961,145.5990168539326,111.5952380952381,"Fire"
"fire_169.jpg",95.10463483146067,120.08874458874459,137.57654494382024,140.6147186147186,"Fire"
"fire_169.jpg",105.72261235955055,150.75974025974025,132.14957865168537,168.9264069264069,"Fire"
"fire_169.jpg",105.25070224719101,173.64502164502164,129.55407303370788,184.26190476190476,"Fire"
"fire_171.jpg",41.9710544452102,1.9178966789667897,131.28876636802204,97.79981549815498,"Fire"
"fire_171.jpg",159.61405926946932,23.40867158671587,297.93246037215715,92.63376383763838,"Fire"
"fire_171.jpg",10.130944176430049,111.23154981549816,67.60854583046175,139.33487084870848,"Fire"
"fire_168.jpg",103.37698139214335,0.4714022140221402,196.0027567195038,90.1540590405904,"Fire"
"fire_168.jpg",77.11922811853894,59.77767527675277,112.26740179186768,134.5821033210332,"Fire"
"fire_167.jpg",29.701831896551727,5.113636363636364,120.33861350574713,99.4090909090909,"Fire"
"fire_17.jpg",417.47760165403173,6.6796875,747.6223294279807,293.88556985294116,"Fire"
"fire_17.jpg",166.06478290833908,90.72380514705883,404.24534803583737,303.1502757352941,"Fire"
"fire_17.jpg",158.7870434183322,311.7532169117647,267.2915230875259,426.9002757352941,"Fire"
"fire_170.jpg",0,71.88983918128655,82.10613370089594,146.92609649122807,"Fire"
"fire_170.jpg",89.55203308063405,1.8828216374269007,251.75189524465884,85.77054093567251,"Fire"
"fire_170.jpg",84.118538938663,60.020833333333336,134.62991040661615,148.13311403508771,"Fire"
"fire_170.jpg",0.8049620951068229,6.107383040935673,250.3432115782219,152.3576754385965,"Fire"
"fire_172.jpg",48.855685295176386,4.753246753246754,184.87080408567314,101.00649350649351,"Fire"
"fire_173.jpg",66.08030732541397,46.740259740259745,212.83297336213104,101.60064935064935,"Fire"
"fire_175.jpg",153.98527492800577,38.81818181818182,238.12854346652267,131.1103896103896,"Fire"
"fire_175.jpg",106.07310790136789,29.311688311688314,126.06950818934486,61.3961038961039,"Fire"
"fire_175.jpg",54.993194294456444,37.035714285714285,83.30492935565155,80.80519480519482,"Fire"
"fire_175.jpg",129.63322309215263,23.766233766233768,152.401401637869,61.3961038961039,"Fire"
"fire_174.jpg",179.09553535251214,82.93290043290042,209.5290847852512,112.95670995670994,"Fire"
"fire_174.jpg",31.125519145056725,43.67099567099567,166.71222903160452,107.91774891774892,"Fire"
"fire_174.jpg",37.002342483792546,44.72077922077922,164.8232501012966,166.7056277056277,"Fire"
"fire_176.jpg",3.3113600317208567,0.8311688311688312,262.00000000000006,106.3896103896104,"Fire"
"fire_176.jpg",54.838719270420306,0,153.11469072164948,172.05194805194807,"Fire"
"fire_177.jpg",65.10756291028446,52.37229437229437,105.33075765864331,165.67965367965368,"Fire"
"fire_177.jpg",130.61959792122536,3.7835497835497836,272.7946526258205,167.67099567099567,"Fire"
"fire_177.jpg",3.578022428884026,2.3896103896103895,272.79465262582056,164.88311688311688,"Fire"
"fire_179.jpg",128.87034035656401,10.287878787878785,181.3419773095624,84.4025974025974,"Fire"
"fire_179.jpg",183.08337976094003,39.47186147186147,215.82568121961103,113.7965367965368,"Fire"
"fire_179.jpg",85.69602157617504,49.12987012987013,110.46263421799027,67.6060606060606,"Fire"
"fire_179.jpg",114.45047862641815,76.00432900432901,146.14334734602917,117.99567099567099,"Fire"
"fire_178.jpg",86.74545431523501,48.5,107.31433600081037,68.23593073593074,"Fire"
"fire_178.jpg",182.03394702188007,39.47186147186147,213.0971560980551,116.10606060606061,"Fire"
"fire_178.jpg",122.2162808954619,5.878787878787879,175.94723713533224,79.78354978354977,"Fire"
"fire_178.jpg",114.24059207860616,81.04329004329004,147.61255318071312,116.52597402597402,"Fire"
"fire_18.jpg",339.3896103896104,199.6883116883117,536.6623376623377,525.7922077922078,"Fire"
"fire_181.jpg",9.097174362508614,2.3311808118081183,297.72570640937283,164.95848708487085,"Fire"
"fire_180.jpg",9.090836148648648,17.656926406926406,73.73678209459459,121.15367965367965,"Fire"
"fire_180.jpg",34.35164695945946,127.40151515151514,93.56516047297296,154.02272727272725,"Fire"
"fire_180.jpg",79.44083614864864,1.6298701298701297,200.5840793918919,140.4404761904762,"Fire"
"fire_183.jpg",118.94207838372931,35.45129870129871,176.7998560115191,97.83766233766234,"Fire"
"fire_183.jpg",71.82184800215983,63.17857142857143,147.45179760619152,99.42207792207793,"Fire"
"fire_183.jpg",25.889522588192946,102.1948051948052,47.2718120050396,151.90584415584416,"Fire"
"fire_183.jpg",50.24157442404608,67.1396103896104,70.63394303455723,101.00649350649351,"Fire"
"fire_184.jpg",47.93246552975327,62.18614718614719,176.32724056603774,185.43290043290045,"Fire"
"fire_182.jpg",52.44107707162921,38.002164502164504,146.8778748244382,126.3474025974026,"Fire"
"fire_182.jpg",149.6208523525281,2.5465367965367967,229.36312763342698,85.40692640692642,"Fire"
"fire_185.jpg",81.03725789096127,2.772727272727273,208.34572274031564,76.44805194805194,"Fire"
"fire_186.jpg",2.1611755470016205,1.2597402597402598,212.0477233589951,183.2922077922078,"Fire"
"fire_188.jpg",102.20813232253619,30.84616564417178,297.96967608545833,154.1148773006135,"Fire"
"fire_188.jpg",1.6485182632667126,11.881748466257669,99.1171605789111,148.75536809815952,"Fire"
"fire_188.jpg",3.297036526533425,19.92101226993865,296.11509303928324,151.64125766871166,"Fire"
"fire_187.jpg",69.44603806695464,4.357142857142858,191.6022655687545,69.71428571428572,"Fire"
"fire_187.jpg",109.63682280417567,7.525974025974026,168.24013453923686,98.43181818181819,"Fire"
"fire_189.jpg",120.1299833513319,17.42857142857143,183.48491495680346,127.14935064935065,"Fire"
"fire_190.jpg",31.426602343211577,19.275830258302584,126.74017918676776,137.4750922509225,"Fire"
"fire_190.jpg",111.8538938662991,31.202952029520297,276.8435561681599,141.19464944649448,"Fire"
"fire_191.jpg",103.8566505858029,51.87193251533743,199.47070985527222,113.9185582822086,"Fire"
"fire_19.jpg",272.09924190213644,116.31410845588236,635.8097863542384,334.4538143382353,"Fire"
"fire_19.jpg",169.54927636113027,292.7405790441177,293.9765678842178,412.4096966911765,"Fire"
"fire_19.jpg",669.3094417643005,274.96116727941177,726.737422467264,336.5052849264706,"Fire"
"fire_19.jpg",520.2701585113715,374.7994025735294,564.7084769124742,430.8729319852941,"Fire"
"fire_192.jpg",43.41650027860327,88.37012987012987,142.07177516716197,154.1948051948052,"Fire"
"fire_193.jpg",0.34956578473722105,11.883116883116884,197.54179040676746,99.81818181818183,"Fire"
"fire_195.jpg",4.341833218470021,8.530442804428045,91.17849758787042,106.47878228782288,"Fire"
"fire_195.jpg",168.91798759476222,19.68911439114391,286.1474844934528,82.30166051660517,"Fire"
"fire_195.jpg",95.31357684355618,5.224169741697417,228.6698828394211,125.489852398524,"Fire"
"fire_194.jpg",24.177693965517243,36,155.7340158045977,140.9318181818182,"Fire"
"fire_194.jpg",209.1340158045977,63.61363636363637,258.2374640804598,133.5681818181818,"Fire"
"fire_196.jpg",74.39564209863211,12.47727272727273,166.06230876529878,177.05844155844156,"Fire"
"fire_197.jpg",106.68504479669194,1.297970479704797,160.85458304617507,55.64483394833948,"Fire"
"fire_197.jpg",181.32322536181945,119.49723247232473,215.02412129565818,147.3939114391144,"Fire"
"fire_197.jpg",109.16609235010338,1.2398523985239853,204.47966919365956,109.57841328413284,"Fire"
"fire_198.jpg",72.26328251620745,4.199134199134199,174.6879178484603,75.16450216450215,"Fire"
"fire_198.jpg",90.94318527147487,76.63419913419914,146.77300698946516,113.37662337662337,"Fire"
"fire_199.jpg",59.14059269469331,3.636349693251534,174.5368711233632,75.16518404907976,"Fire"
"fire_200.jpg",21.267571679042906,21.21212121212121,144.2543703589109,156.96969696969697,"Fire"
"fire_200.jpg",29.325327454620464,174.78787878787878,103.96559148102311,193.24242424242425,"Fire"
"fire_20.jpg",95.17378559463987,143.36147186147187,397.3513400335009,405.29761904761904,"Fire"
"fire_202.jpg",64.6671261199173,58.30357142857143,98.53066850447968,96.26275510204081,"Fire"
"fire_2.jpg",26.662991040661613,203.84352022058823,72.46864231564439,287.9538143382353,"Fire"
"fire_2.jpg",94.3459682977257,158.02734375,175.70227429359062,243.5052849264706,"Fire"
"fire_2.jpg",250.90558235699518,146.40234375,706.9110957960028,255.1302849264706,"Fire"
"fire_2.jpg",183.90627153687112,253.0788143382353,209.20192970365264,285.90234375,"Fire"
"fire_201.jpg",105.43039021164022,64.87012987012987,181.57748015873017,183.0779220779221,"Fire"
"fire_205.jpg",176.77463818056512,31.467712177121772,293.1771192281185,95.52675276752767,"Fire"
"fire_203.jpg",1.9986216402481047,7.05439150401837,56.36113025499655,85.36438002296211,"Fire"
"fire_203.jpg",64.7553411440386,33.02454075774971,108.7250172294969,99.54807692307693,"Fire"
"fire_203.jpg",110.92350103376981,48.60663030998852,150.4962095106823,101.34601033295064,"Fire"
"fire_203.jpg",150.8959338387319,57.79606773823192,183.87319090282563,102.74440298507463,"Fire"
"fire_203.jpg",183.473466574776,64.38849024110219,212.0537560303239,104.14279563719863,"Fire"
"fire_203.jpg",210.65472088215023,69.58252009184845,234.8380427291523,104.14279563719862,"Fire"
"fire_204.jpg",131.28876636802207,1.5046125461254614,297.93246037215715,114.33118081180811,"Fire"
"fire_206.jpg",59.32226980728051,89.62121212121211,226.57708779443254,181.0151515151515,"Fire"
"fire_207.jpg",104.68090971743625,71.66088957055214,178.03997243280497,132.88297546012268,"Fire"
"fire_209.jpg",141.71025692944565,16.042207792207794,263.6685002699784,166.36363636363637,"Fire"
"fire_208.jpg",106.94762232942797,2.605674846625767,286.842177808408,154.9394171779141,"Fire"
"fire_21.jpg",306.3404548587181,66.69489092996555,548.5182632667126,353.1242824339839,"Fire"
"fire_210.jpg",0.6087662337662337,39.44805194805195,222.93019480519482,184.82142857142858,"Fire"
"fire_211.jpg",34.979856271777,112.58116883116884,99.42759146341464,162.85714285714286,"Fire"
"fire_211.jpg",99.11922909407666,132.9383116883117,132.42236498257842,210.0487012987013,"Fire"
"fire_214.jpg",78.71674707098552,18.271932515337422,206.47691247415574,167.10138036809818,"Fire"
"fire_213.jpg",17.987594762232945,1.297970479704797,135.0103376981392,83.95479704797049,"Fire"
"fire_213.jpg",135.2170916609235,25.681734317343174,203.6526533425224,157.7260147601476,"Fire"
"fire_213.jpg",209.23501033769816,44.27952029520295,255.96140592694695,82.30166051660517,"Fire"
"fire_212.jpg",8.388702681388013,0,112.3627760252366,60.71103896103896,"Fire"
"fire_212.jpg",112.65615141955837,4.399350649350649,183.94637223974763,105.87770562770562,"Fire"
"fire_212.jpg",47.1142547318612,99.1320346320346,96.98807176656152,258.0952380952381,"Fire"
"fire_212.jpg",136.00699921135646,105.87770562770562,164.17103706624604,190.63852813852813,"Fire"
"fire_215.jpg",157.75327360441077,2.5378228782287824,277.6705720192971,145.74077490774908,"Fire"
"fire_217.jpg",20.550278035217794,0.6753246753246753,149.36955514365152,165.004329004329,"Fire"
"fire_218.jpg",39.40625,1.4015151515151514,124.63168352601156,137.0681818181818,"Fire"
"fire_218.jpg",112.57677023121387,107.35606060606058,178.02023121387282,209.94696969696963,"Fire"
"fire_216.jpg",4.050154477309563,34.43290043290043,122.84594053889789,149.48917748917748,"Fire"
"fire_219.jpg",48.852607262258545,103.46753246753248,115.89792672734028,149.36363636363637,"Fire"
"fire_22.jpg",293.0944176430048,5.356158088235294,627.2088215024121,229.03262867647058,"Fire"
"fire_220.jpg",111.02687801516196,0.4714022140221402,299.37973811164716,161.03228782287823,"Fire"
"fire_220.jpg",2.067539627842867,7.083948339483395,111.23363197794625,105.44557195571956,"Fire"
"fire_220.jpg",32.04686423156444,113.9178966789668,75.25844245348037,154.62638376383765,"Fire"
"fire_221.jpg",66.38645917747164,1.4696969696969697,184.76247214343596,85.66233766233766,"Fire"
"fire_222.jpg",5.514703714622642,0.6201298701298701,225.30165340015725,165.78138528138527,"Fire"
"fire_223.jpg",118.94207838372931,67.53571428571429,147.05582928365732,104.76948051948052,"Fire"
"fire_223.jpg",154.18325908927287,140.61688311688312,176.55546931245502,166.5616883116883,"Fire"
"fire_223.jpg",83.50291351691865,60.603896103896105,109.83480696544277,105.36363636363637,"Fire"
"fire_223.jpg",51.825447714182864,66.7435064935065,79.14726196904248,101.7987012987013,"Fire"
"fire_224.jpg",66.86423156443831,18.52425614489004,254.29634734665748,134.15168175937904,"Fire"
"fire_225.jpg",58.097863542384566,1.9178966789667897,299.79324603721574,143.67435424354244,"Fire"
"fire_229.jpg",53.584709302325585,60.103896103896105,145.4321511627907,162.75324675324674,"Fire"
"fire_226.jpg",152.3776705720193,7.083948339483395,237.35354927636115,83.74815498154982,"Fire"
"fire_228.jpg",118.54611006119511,67.1396103896104,172.59578608711303,125.56493506493507,"Fire"
"fire_228.jpg",59.546830003599716,63.37662337662338,79.34524613030958,91.69805194805195,"Fire"
"fire_228.jpg",89.04647003239741,91.5,104.8852029337653,122.59415584415585,"Fire"
"fire_227.jpg",68.8867576458037,93.56060606060606,177.83483730440966,131.77272727272728,"Fire"
"fire_227.jpg",131.73384157183497,71.5,168.77224839971547,103.4090909090909,"Fire"
"fire_230.jpg",95.407994486561,4.873159509202454,252.22329427980702,148.54923312883435,"Fire"
"fire_23.jpg",97.60165403170228,29.84253499222395,451.2405237767057,186.99650077760498,"Fire"
"fire_231.jpg",33.12334110473458,0,209.53367109038737,144.1818181818182,"Fire"
"fire_232.jpg",0.7455341072714183,5.7435064935064934,214.56842827573794,155.07467532467533,"Fire"
"fire_233.jpg",118.34812589992801,48.12662337662338,172.79377024838013,84.17207792207793,"Fire"
"fire_234.jpg",85.27624848055105,27.084415584415584,125.7843522082658,149.2792207792208,"Fire"
"fire_234.jpg",16.223574250405186,34.64285714285714,83.80704264586709,104.76839826839826,"Fire"
"fire_235.jpg",1.4610613370089593,63.57020547945205,83.4631288766368,150.14554794520546,"Fire"
"fire_235.jpg",111.22329427980704,0.008561643835616438,252.03308063404552,138.09075342465752,"Fire"
"fire_236.jpg",204.0317022742936,2.1672575857519787,293.12198483804275,147.71079320580472,"Fire"
"fire_236.jpg",96.56788421778084,1.7398169525065963,199.54514128187458,158.39680903693932,"Fire"
"fire_237.jpg",135.66187549563838,16.415584415584416,254.71500793021414,139.01298701298703,"Fire"
"fire_237.jpg",32.81492862807296,29.2987012987013,133.58415939730372,136.5194805194805,"Fire"
"fire_238.jpg",2.371062094813614,0.6298701298701299,256.12389839951373,190.43073593073595,"Fire"
"fire_239.jpg",100.48242591316334,88.29428044280444,193.93521709166095,134.37546125461256,"Fire"
"fire_239.jpg",193.10820124052378,46.345940959409596,214.6106133700896,86.43450184501845,"Fire"
"fire_24.jpg",5.996922348484848,1.7532467532467533,357.08614793771045,534.1558441558442,"Fire"
"fire_240.jpg",134.5995872163695,1.0497835497835497,210.57851752431117,175.73376623376623,"Fire"
"fire_241.jpg",122.10982496400288,2.178571428571429,251.1954981101512,112.69155844155846,"Fire"
"fire_241.jpg",7.872963912886969,20.993506493506494,47.667780327573794,58.02922077922078,"Fire"
"fire_241.jpg",52.61738435925126,25.5487012987013,132.60298551115912,75.06168831168833,"Fire"
"fire_242.jpg",173.58570689344853,46.146103896103895,269.4100409467243,159.8279220779221,"Fire"
"fire_242.jpg",93.79808990280777,2.970779220779221,174.7736118610511,160.02597402597405,"Fire"
"fire_243.jpg",42.79807029634735,3.364391143911439,252.65334252239836,167.0249077490775,"Fire"
"fire_244.jpg",134.83059381496884,37.14285714285714,229.00000000000003,165,"Fire"
"fire_244.jpg",65.3212383056133,120.95238095238095,135.3066852910603,171.66666666666666,"Fire"
"fire_246.jpg",27.972432804962096,21.8953125,257.78911095796,139.77670784883722,"Fire"
"fire_245.jpg",154.25223983459682,56.28827408256881,184.3762922122674,124.22274328309305,"Fire"
"fire_245.jpg",248.47002067539626,68.6788376474443,301.2405237767057,148.1493487876802,"Fire"
"fire_245.jpg",70.289455547898,56.501904488859765,110.24121295658166,127.21356897116645,"Fire"
"fire_245.jpg",71.78497587870434,0,135.8787043418332,61.41540383355177,"Fire"
"fire_245.jpg",169.421088904204,1.171629259501966,250.39283252929016,84.06022690039319,"Fire"
"fire_245.jpg",9.614059269469331,62.48355586500655,52.34321157822191,126.78630815858453,"Fire"
"fire_247.jpg",40.01240523776706,0,198.68228807718816,137.06886898096303,"Fire"
"fire_248.jpg",191.66092350103378,0.05811808118081181,255.75465196416266,150.49354243542436,"Fire"
"fire_248.jpg",122.39834596829773,1.0913284132841328,188.14610613370093,104.20571955719558,"Fire"
"fire_248.jpg",45.27911784975879,0,106.47829083390766,80.02859778597787,"Fire"
"fire_249.jpg",102.20813232253619,34.76273006134969,160.11233631977947,105.05475460122699,"Fire"
"fire_250.jpg",93.42181751287713,1.4015151515151514,266.7492641648271,158.17099567099567,"Fire"
"fire_25.jpg",408.93506493506493,114.07792207792208,620.2597402597403,256.83116883116884,"Fire"
"fire_251.jpg",176.95143763498922,33.27272727272727,273.17174001079917,125.76298701298703,"Fire"
"fire_252.jpg",2.4810475534114405,10.80350553505535,298.3459682977257,166.4049815498155,"Fire"
"fire_253.jpg",1.0957792207792207,43.58766233766234,53.936688311688314,127.3538961038961,"Fire"
"fire_253.jpg",159.1314935064935,14.853896103896103,224.39123376623377,136.60714285714286,"Fire"
"fire_253.jpg",87.7840909090909,137.33766233766232,130.88474025974025,184.09090909090907,"Fire"
"fire_255.jpg",76.70572019297036,3.157749077490775,233.83873190902824,105.65221402214023,"Fire"
"fire_254.jpg",25.430737422467264,1.0913284132841328,289.66230186078565,153.59317343173433,"Fire"
"fire_256.jpg",11.606070198541328,3.779220779220779,131.45128899918961,107.4978354978355,"Fire"
"fire_256.jpg",146.77300698946516,48.91991341991342,187.4909972649919,110.22727272727272,"Fire"
"fire_256.jpg",160.20574604943272,116.94588744588745,197.56555155996756,140.46103896103898,"Fire"
"fire_256.jpg",100.17819337520258,142.35064935064935,137.11822579011346,154.3181818181818,"Fire"
"fire_257.jpg",91.6801948051948,4.1396103896103895,220.73863636363637,138.55519480519482,"Fire"
"fire_257.jpg",70.98214285714286,135.87662337662337,124.06655844155844,170.21103896103895,"Fire"
"fire_259.jpg",39.83347210657785,89.54545454545455,69.46211490424646,121.0995670995671,"Fire"
"fire_259.jpg",99.30391340549542,75.2608225108225,182.22148209825144,158.1969696969697,"Fire"
"fire_260.jpg",107.51206064782909,0,246.45072363886976,106.47878228782288,"Fire"
"fire_258.jpg",83.74979558462798,35.665584415584405,193.8197311937858,166.2987012987013,"Fire"
"fire_26.jpg",375.77905484510086,0,659.615510176513,277.6666666666667,"Fire"
"fire_263.jpg",118.18370664739885,103.43181818181817,168.0854407514451,170.14393939393938,"Fire"
"fire_262.jpg",20.32529290144728,4.69919590643275,238.67126119917302,170.26176900584798,"Fire"
"fire_262.jpg",208.88766368022056,150.547149122807,240.28118538938665,169.45709064327485,"Fire"
"fire_261.jpg",23.859392189218923,38.39393939393939,61.26093234323432,99.70670995670994,"Fire"
"fire_264.jpg",222.52929014472778,5.542124728555917,278.89042039972435,64.04266761672095,"Fire"
"fire_264.jpg",156.0620261888353,18.369486292073834,208.73053066850449,58.21204872421282,"Fire"
"fire_264.jpg",2.1378359751895246,21.284795738327905,148.67677463818055,69.09587065689468,"Fire"
"fire_29.jpg",619.3095238095239,365.5238095238095,1010.1666666666667,621.5714285714286,"Fire"
"fire_29.jpg",23.976190476190478,503.04761904761904,607.547619047619,793.4761904761905,"Fire"
"fire_265.jpg",118.63501949740036,90.92857142857143,164.52843370883883,149.87987012987014,"Fire"
"fire_265.jpg",189.1064233102253,100.28246753246752,244.5700281629116,160.75649350649348,"Fire"
"fire_266.jpg",164.12886969042478,59.01948051948053,200.31356866450685,77.63636363636365,"Fire"
"fire_266.jpg",71.62386384089274,0.7922077922077922,153.7872907667387,114.07792207792208,"Fire"
"fire_266.jpg",27.473395878329736,84.56818181818183,58.55690919726422,117.24675324675326,"Fire"
"fire_268.jpg",56.63873182552504,32.75324675324675,184.95860258481423,105.39826839826839,"Fire"
"fire_267.jpg",123.29772993160547,2.178571428571429,269.4100409467243,133.0909090909091,"Fire"
"fire_267.jpg",51.033511069114475,50.89935064935065,80.53315109791217,115.06818181818183,"Fire"
"fire_269.jpg",6.592494619799139,125.56493506493507,124.00138988522238,166.36363636363637,"Fire"
"fire_269.jpg",46.982738522238165,31.886363636363637,181.22090208034433,141.4090909090909,"Fire"
"fire_272.jpg",144.46425496353322,5.458874458874459,251.9261674432739,75.16450216450217,"Fire"
"fire_272.jpg",25.248695806320907,81.25324675324676,81.07851752431118,134.7922077922078,"Fire"
"fire_272.jpg",133.96992757293356,95.1103896103896,183.50315285656401,173.42424242424244,"Fire"
"fire_272.jpg",66.17657262965965,149.9090909090909,133.76004102512155,184.55194805194805,"Fire"
"fire_272.jpg",33.85404426661264,0.20995670995670995,137.95777198136142,33.59307359307359,"Fire"
"fire_272.jpg",4.469927572933549,7.978354978354978,39.31109450972447,65.5064935064935,"Fire"
"fire_271.jpg",51.098830293417926,34.285714285714285,90.99097938144331,67.74025974025975,"Fire"
"fire_271.jpg",137.5318199841396,17.246753246753247,209.00525376685172,79.16883116883118,"Fire"
"fire_271.jpg",159.34783901665347,102.23376623376625,207.343080888184,136.31168831168833,"Fire"
"fire_271.jpg",52.553231562252186,13.506493506493507,213.3684575733545,80.00000000000001,"Fire"
"fire_270.jpg",19.61098746366279,21.904761904761905,100.25778978924419,166.07792207792207,"Fire"
"fire_270.jpg",110.01505723110465,57.94805194805195,134.90604560319767,132.22510822510822,"Fire"
"fire_270.jpg",103.84209211482558,138.5974025974026,158.80139444040697,174.83982683982686,"Fire"
"fire_270.jpg",220.92930141715115,164.4848484848485,268.9191269985465,182.60606060606062,"Fire"
"fire_273.jpg",41.47186147186147,1.0389610389610389,171.25541125541125,134.8917748917749,"Fire"
"fire_273.jpg",208.74458874458873,0,239.74025974025972,99.04761904761904,"Fire"
"fire_273.jpg",1.1255411255411254,1.3852813852813852,57.4025974025974,111.34199134199135,"Fire"
"fire_27.jpg",319.5844155844156,7.480519480519481,796.6753246753246,615.8961038961039,"Fire"
"fire_275.jpg",4.739490006891799,39.09156441717791,84.8986905582357,86.09033742331289,"Fire"
"fire_275.jpg",73.15299793246037,14.561503067484663,127.96623018607856,48.16150306748467,"Fire"
"fire_275.jpg",122.40248104755341,1.7811349693251535,225.02274293590625,53.7271472392638,"Fire"
"fire_275.jpg",95.407994486561,46.924693251533746,225.43487250172294,96.1909509202454,"Fire"
"fire_274.jpg",189.3866299104066,0.6780442804428044,298.75947622329426,122.80350553505535,"Fire"
"fire_276.jpg",220.23868980436413,115.15476190476193,257.8675696012039,181.73809523809524,"Fire"
"fire_276.jpg",131.78647009029345,14.976190476190476,218.61942720090292,178.0952380952381,"Fire"
"fire_277.jpg",59.67008964748783,31.493506493506494,81.49829061993515,74.11471861471861,"Fire"
"fire_277.jpg",106.0550167139384,5.458874458874459,217.7146601499189,71.17532467532467,"Fire"
"fire_278.jpg",137.8181818181818,66.9090909090909,172.24242424242425,204.84848484848484,"Fire"
"fire_279.jpg",126.18181818181819,78.06060606060606,167.3939393939394,203.3939393939394,"Fire"
"fire_280.jpg",140.4848484848485,94.78787878787881,183.75757575757578,213.8181818181818,"Fire"
"fire_281.jpg",122.30303030303031,126.30303030303031,170.54545454545456,212.36363636363637,"Fire"
"fire_282.jpg",126.66666666666667,144.4848484848485,168.84848484848484,215.2727272727273,"Fire"
"fire_28.jpg",496.6233766233766,137.14285714285714,1356.8831168831168,1011.2554112554112,"Fire"
"fire_283.jpg",126.9090909090909,88.48484848484848,152.96969696969697,122.9090909090909,"Fire"
"fire_284.jpg",125.6969696969697,76.84848484848484,152.84848484848484,122.9090909090909,"Fire"
"fire_285.jpg",125.93939393939394,83.15151515151516,153.0909090909091,123.15151515151516,"Fire"
"fire_286.jpg",129.0909090909091,89.21212121212122,154.54545454545456,122.9090909090909,"Fire"
"fire_287.jpg",124.72727272727273,82.9090909090909,153.8181818181818,121.93939393939394,"Fire"
"fire_289.jpg",327.84286698828396,49.40633245382586,427.11922811853896,242.4142480211082,"Fire"
"fire_290.jpg",123.67472627737227,74.16666666666666,494.1418795620438,304.8538961038961,"Fire"
"fire_290.jpg",35.995894160583944,33.71212121212121,116.4484489051095,332.3051948051948,"Fire"
"fire_291.jpg",103.24675324675324,209.52380952380952,339.1774891774892,329.004329004329,"Fire"
"fire_292.jpg",238.263266712612,52.638522427440634,584.5761543762922,235.0263852242744,"Fire"
"fire_292.jpg",591.9641626464507,106.20052770448551,663.9972432804963,312.5989445910291,"Fire"
"fire_292.jpg",114.51412818745693,298.7467018469657,175.00344589937976,348.6147757255937,"Fire"
"fire_288.jpg",1074.946111691023,1105.6331168831168,1593.321894572025,1545.508658008658,"Fire"
"fire_288.jpg",1481.561978079332,844.0854978354978,1752.6392223382047,1100.8777056277056,"Fire"
"fire_288.jpg",1902.445067849687,0,3324.4116649269313,1098.5,"Fire"
"fire_294.jpg",319.95589248793937,0.5337252475247525,664.5237767057201,367.39511138613864,"Fire"
"fire_297.jpg",146.94008953651687,63.69372294372294,197.8305389747191,158.81709956709955,"Fire"
"fire_297.jpg",275.41761762640454,27.257575757575758,321.3024490870787,129.05627705627705,"Fire"
"fire_296.jpg",378.16678152997935,111.51044568245125,500.7305306685045,168.59122562674094,"Fire"
"fire_293.jpg",237.29841488628531,135.0827205882353,733.0668504479669,563.90625,"Fire"
"fire_295.jpg",32.74820301542777,87.64285714285714,508.24048913043475,499.2987012987013,"Fire"
"fire_295.jpg",85.87583274894811,736.9967532467533,197.4438551893408,909.6266233766235,"Fire"
"fire_30.jpg",109.17748917748918,58.7012987012987,175.15151515151516,107.012987012987,"Fire"
"fire_298.jpg",415.86494305657607,4.10064935064935,617.2168901542983,344.91017316017314,"Fire"
"fire_298.jpg",130.23672850844966,0,413.13165870683315,259.7077922077922,"Fire"
"fire_298.jpg",113.38147501836885,205.03246753246754,156.2029298310066,246.95021645021646,"Fire"
"fire_299.jpg",199.11784975878703,219.92337541390728,296.96760854583044,300.6551634933775,"Fire"
"fire_299.jpg",110.24121295658166,214.79754759933775,190.144727773949,304.92668667218544,"Fire"
"fire_299.jpg",2.991040661612681,235.3008588576159,107.25017229496899,292.1121171357616,"Fire"
"fire_300.jpg",239.67352092352093,395.2835497835498,561.4628427128428,830.961038961039,"Fire"
"fire_300.jpg",574.4498556998557,266.8885281385282,930.8712121212122,742.9599567099568,"Fire"
"fire_300.jpg",323.3676046176046,894.4372294372295,454.680735930736,1043.0292207792209,"Fire"
"fire_3.jpg",25.242926434923202,416.95238095238096,2321.7926434923197,1104.1904761904761,"Fire"
"fire_301.jpg",102.54996554100622,328.0913734392736,338.5251550654721,457.17650397275827,"Fire"
"fire_303.jpg",217.20454545454547,400.72727272727275,655.9318181818182,608.8636363636364,"Fire"
"fire_303.jpg",775.9772727272727,438.72727272727275,1018.659090909091,576.909090909091,"Fire"
"fire_302.jpg",616.6230186078567,289.4944852941176,749.8277050310131,411.25919117647055,"Fire"
"fire_304.jpg",420.25361819434875,81.69974226804123,622.3735354927636,373.96778350515467,"Fire"
"fire_304.jpg",5.626464507236388,151.41108247422682,304.2618883528601,359.24613402061857,"Fire"
"fire_305.jpg",125.01791867677464,1.7648698884758365,213.94279807029636,133.01889714993803,"Fire"
"fire_305.jpg",330.59131633356304,222.96189591078067,601.5506547208821,332.2530978934325,"Fire"
"fire_306.jpg",239.9448656099242,0,365.210199862164,150.3030303030303,"Fire"
"fire_306.jpg",9.262577532736044,4.297520661157025,220.53756030323913,158.1267217630854,"Fire"
"fire_307.jpg",98.41682419659736,157.23809523809524,751.7249527410208,654.6547619047619,"Fire"
"fire_307.jpg",177.05576559546313,707.5714285714286,789.5321361058602,1158.1190476190477,"Fire"
"fire_309.jpg",276.648916967509,34.549783549783555,437.7175090252708,178.75757575757575,"Fire"
"fire_309.jpg",273.6453068592058,184.01515151515153,434.71389891696754,274.8961038961039,"Fire"
"fire_309.jpg",87.04602888086643,99.14285714285715,167.76805054151623,262.12770562770567,"Fire"
"fire_309.jpg",174.52617328519855,130.6883116883117,268.0135379061372,259.8744588744589,"Fire"
"fire_31.jpg",78.34999240275526,120.51515151515152,139.2170912682334,169.0151515151515,"Fire"
"fire_31.jpg",19.161985919773095,138.15151515151516,48.1263295178282,154.1082251082251,"Fire"
"fire_308.jpg",383.12747148288975,297.1428571428571,505.9472433460076,374.2857142857142,"Fire"
"fire_308.jpg",137.96397338403042,4.285714285714286,378.8430608365019,367.1428571428571,"Fire"
"fire_310.jpg",18.50723638869745,5.784336419753086,563.513439007581,422.5756944444444,"Fire"
"fire_311.jpg",262.75324675324674,89.76623376623377,440.41558441558436,304.83116883116884,"Fire"
"fire_312.jpg",147.6223294279807,150.17356710829495,246.03721571330118,233.30605558755764,"Fire"
"fire_312.jpg",461.8883528600965,124.11711549539172,487.1123363197795,145.62402793778801,"Fire"
"fire_312.jpg",299.37973811164716,154.30951180875576,348.1736733287388,176.23001872119815,"Fire"
"fire_315.jpg",462.68398268398266,745.2813852813853,1285.5411255411254,2102.8571428571427,"Fire"
"fire_314.jpg",201.06498579545456,45.27056277056277,1053.7394987824675,706.9913419913419,"Fire"
"fire_32.jpg",54.21640248104755,92.37176842684268,196.118538938663,170.1121424642464,"Fire"
"fire_32.jpg",109.80289455547897,0.9240236523652365,168.91247415575464,90.21775302530253,"Fire"
"fire_32.jpg",59.30530668504479,29.31786303630363,107.06271536871122,90.41357260726073,"Fire"
"fire_317.jpg",69.95175740868366,41.292219541616404,301.9986216402481,374.2234620024126,"Fire"
"fire_318.jpg",621.088122605364,2.941558441558442,961.4406130268198,570.6623376623377,"Fire"
"fire_316.jpg",578.9377016129032,21.939393939393938,1599.0967741935483,2632.727272727273,"Fire"
"fire_319.jpg",46.75324675324675,2214.2337662337663,2070.2337662337663,3366.2337662337663,"Fire"
"fire_319.jpg",2500.3636363636365,1208.103896103896,4314.38961038961,2595.7402597402597,"Fire"
"fire_319.jpg",3517.714285714286,314.1818181818182,4056.311688311688,804.1558441558441,"Fire"
"fire_319.jpg",3742.12987012987,968.7272727272727,4561.2467532467535,2004.7792207792209,"Fire"
"fire_322.jpg",671.2847807757167,114.34523809523809,1136.2563237774032,821.6666666666666,"Fire"
"fire_324.jpg",457.1428571428571,225.1082251082251,782.6839826839827,1078.7878787878788,"Fire"
"fire_323.jpg",1082.4545454545455,143.06493506493507,1816.7142857142858,1371.7402597402597,"Fire"
"fire_321.jpg",295.064935064935,494.5454545454545,624.4155844155844,912.2077922077922,"Fire"
"fire_321.jpg",428.051948051948,366.75324675324674,652.4675324675324,526.7532467532467,"Fire"
"fire_321.jpg",329.3506493506493,261.8181818181818,469.6103896103896,401.038961038961,"Fire"
"fire_321.jpg",32.2077922077922,769.8701298701297,571.4285714285713,953.7662337662337,"Fire"
"fire_320.jpg",2828.394210889042,1213.7787024456522,3972.432804962095,1903.1808763586957,"Fire"
"fire_320.jpg",1733.9765678842177,1108.9895720108696,2549.9655410062023,1787.3613111413042,"Fire"
"fire_320.jpg",716.7470709855272,1293.749354619565,1190.9028256374913,1734.9667459239129,"Fire"
"fire_320.jpg",38.59407305306685,1362.6895720108696,443.83184011026873,1701.875441576087,"Fire"
"fire_33.jpg",97.67470709855272,1.9872699386503068,153.10613370089592,138.2424846625767,"Fire"
"fire_329.jpg",43.54238456237078,54.84593290441177,281.815988973122,209.66946231617646,"Fire"
"fire_325.jpg",73.76623376623377,4.848484848484849,724.1558441558441,503.54978354978357,"Fire"
"fire_327.jpg",508.28822238478415,70.23809523809523,1777.9882955376736,1246.0238095238094,"Fire"
"fire_328.jpg",257.9048931771192,36.07504212622549,582.143349414197,269.02479702818624,"Fire"
"fire_330.jpg",97.16664387308533,62.32900432900433,169.84716903719914,138.5974025974026,"Fire"
"fire_331.jpg",146.79531357684357,55.85147601476015,246.45072363886976,128.79612546125463,"Fire"
"fire_334.jpg",48.291525,52.00974025974026,128.053125,122.19155844155844,"Fire"
"fire_333.jpg",1.0957792207792207,62.09415584415584,132.5892857142857,211.12012987012986,"Fire"
"fire_332.jpg",79.1867677463818,52.33856088560886,191.2474155754652,138.0950184501845,"Fire"
"fire_336.jpg",106.88077188146107,39.836151423877325,185.28600964851827,110.8021974260679,"Fire"
"fire_337.jpg",36.37268284035656,44.51082251082251,140.47641055510536,131.64285714285714,"Fire"
"fire_338.jpg",14.746668198529411,3.4761904761904763,157.34225643382354,264.50649350649354,"Fire"
"fire_335.jpg",111.02687801516196,6.877306273062731,211.302549965541,133.5488929889299,"Fire"
"fire_339.jpg",49.51969991364422,181.34199134199133,133.13973445595855,240.66233766233765,"Fire"
"fire_34.jpg",37.09166092350103,67.33205521472392,124.87525844245349,117.49693251533742,"Fire"
"fire_340.jpg",35.113363553484604,2.0995670995670994,100.11588330632091,119.25541125541125,"Fire"
"fire_341.jpg",148.697450034459,56.996986222732495,215.6512749827705,146.89365671641792,"Fire"
"fire_342.jpg",13.673856707317073,2.0833333333333335,179.4153201219512,208.92857142857144,"Fire"
"fire_343.jpg",104.77283274091627,10.805194805194805,170.00348045023696,89.76623376623377,"Fire"
"fire_343.jpg",82.96003653238546,67.11688311688312,103.11090541074249,113.66233766233766,"Fire"
"fire_345.jpg",71.84350942058346,34.85281385281385,127.67333113857373,137.94155844155844,"Fire"
"fire_344.jpg",79.80702963473466,76.10239852398524,182.56374913852517,136.64852398523985,"Fire"
"fire_347.jpg",0.8297725706409372,2.2685185185185186,195.61888352860095,160.10555555555553,"Fire"
"fire_35.jpg",33.24345757335448,95.16883116883118,153.94577716098337,156.4675324675325,"Fire"
"fire_346.jpg",130.006805651275,1.364795918367359,182.1695382494831,93.46938775510205,"Fire"
"fire_349.jpg",70.66050036302033,4.12987012987013,150.2758954501452,159.45887445887448,"Fire"
"fire_348.jpg",102.38456237077878,47.66256893382353,142.0813232253618,75.62212775735294,"Fire"
"fire_350.jpg",180.0827015851137,143.05442804428046,221.64024810475533,162.27214022140222,"Fire"
"fire_350.jpg",142.45348035837353,47.37915129151292,218.33218470020677,115.77767527675277,"Fire"
"fire_350.jpg",115.57546519641627,74.0359778597786,143.69400413507927,151.11346863468634,"Fire"
"fire_351.jpg",171.95939272690435,58.78787878787879,241.01206695705022,108.96753246753246,"Fire"
"fire_352.jpg",102.69683194894651,51.43939393939394,195.67657262965963,145.2900432900433,"Fire"
"fire_352.jpg",25.668468901944895,65.71645021645021,78.34999240275526,138.36147186147184,"Fire"
"fire_353.jpg",140.26652400729336,19.525974025974026,251.50639434764992,88.6017316017316,"Fire"
"fire_356.jpg",163.8844829913607,84.17207792207793,195.56194879409648,133.68506493506496,"Fire"
"fire_355.jpg",115.18015842349304,44.82683982683983,195.35017387944356,131.60173160173161,"Fire"
"fire_354.jpg",54.16953824948312,20.928966789667896,194.96898690558237,117.8440959409594,"Fire"
"fire_357.jpg",2.4810475534114405,0.4714022140221402,298.1392143349414,167.23154981549814,"Fire"
"fire_358.jpg",3.053163766368022,0.9686147186147186,278.04971786698826,78.84523809523809,"Fire"
"fire_358.jpg",93.49217134734666,3.6807359307359304,194.96977300137837,140.64285714285714,"Fire"
"fire_358.jpg",125.44599629565816,158.46536796536796,151.00905625430738,179,"Fire"
"fire_358.jpg",95.62242634390076,156.72186147186147,114.02008313232253,178.6125541125541,"Fire"
"fire_36.jpg",52.059222560975606,123.51190476190476,141.92263719512195,199.10714285714283,"Fire"
"fire_359.jpg",154.03721571330115,38.605555171460175,208.84079944865607,115.3577675608407,"Fire"
"fire_360.jpg",1.7354549136069115,0.7922077922077922,57.171020068394526,63.37662337662338,"Fire"
"fire_360.jpg",0.7455341072714183,57.03896103896104,104.68721877249821,171.11688311688312,"Fire"
"fire_361.jpg",84.88880264578835,43.175324675324674,142.89816189704825,131.9025974025974,"Fire"
"fire_361.jpg",139.92839947804177,65.5551948051948,188.23653482721383,92.29220779220779,"Fire"
"fire_362.jpg",154.960716747071,23.09902820121951,255.10820124052378,167.77951600609754,"Fire"
"fire_363.jpg",140.5513439007581,37.440727124183006,178.67057201929703,83.03811274509803,"Fire"
"fire_363.jpg",161.84700206753965,81.12046568627451,184.84631288766371,124.37406045751635,"Fire"
"fire_363.jpg",119.25568573397658,92.62634803921569,147.15299793246038,100.51000816993464,"Fire"
"fire_364.jpg",54.89884868421052,29.939393939393938,122.86826546941677,158.16666666666666,"Fire"
"fire_365.jpg",43.617730210016155,115.05627705627705,145.89559773828756,162.7164502164502,"Fire"
"fire_366.jpg",179.3272475701944,134.08116883116884,196.35388543916488,152.10389610389612,"Fire"
"fire_366.jpg",66.08030732541397,56.24675324675325,207.4409984701224,163.5909090909091,"Fire"
"fire_367.jpg",114.58642683585313,0,241.09830588552916,83.97402597402598,"Fire"
"fire_370.jpg",27.557447832252834,2.0995670995670994,152.85971687601295,129.75324675324674,"Fire"
"fire_368.jpg",72.37009330759331,1.5909090909090908,189.81925675675677,166.25,"Fire"
"fire_37.jpg",0,35.79340490797546,73.97725706409372,89.38849693251534,"Fire"
"fire_369.jpg",81.9434872501723,20.538755773672055,186.27153687112337,92.05607678983833,"Fire"
"fire_371.jpg",46.915230875258445,2.5396671826625385,204.61543762922122,137.9111842105263,"Fire"
"fire_372.jpg",62.437629221226736,31.052300613496932,216.16195727084767,144.22039877300614,"Fire"
"fire_374.jpg",159.8208132322536,37.25369003690037,194.3487250172295,82.50830258302584,"Fire"
"fire_374.jpg",128.8077188146106,64.94372693726937,153.41144038594072,97.79981549815498,"Fire"
"fire_373.jpg",44.24534803583735,12.043357933579337,240.04135079255684,132.3090405904059,"Fire"
"fire_375.jpg",77.51044621150729,56.688311688311686,119.69764232171798,107.07792207792207,"Fire"
"fire_375.jpg",104.79569742706641,95.74025974025975,158.67423014586709,138.57142857142858,"Fire"
"fire_377.jpg",162.30060970122392,63.574675324675326,218.52811150107993,101.00649350649351,"Fire"
"fire_377.jpg",108.44891783657307,27.72727272727273,159.52883144348453,77.4383116883117,"Fire"
"fire_376.jpg",90.6303433225342,15.051948051948052,182.09902582793376,120.61363636363637,"Fire"
"fire_379.jpg",27.077427555795538,101.00649350649351,51.23149523038157,148.53896103896105,"Fire"
"fire_379.jpg",121.11990415766739,32.87662337662338,181.10910502159828,103.58116883116884,"Fire"
"fire_379.jpg",70.23797471202305,55.25649350649351,152.401401637869,98.62987012987014,"Fire"
"fire_379.jpg",54.201257649388054,66.7435064935065,66.27829148668107,99.02597402597404,"Fire"
"fire_378.jpg",137.42822572720127,48.78354978354978,242.66957792845915,179.63095238095238,"Fire"
"fire_378.jpg",3.0335716391509435,1.446969696969697,129.15778547562894,152.55194805194805,"Fire"
"fire_38.jpg",42.520192134629234,51.493506493506494,159.92479976601874,99.42207792207793,"Fire"
"fire_380.jpg",36.37268284035656,42.62121212121212,181.40428737844408,115.05627705627705,"Fire"
"fire_380.jpg",179.09553535251214,71.59523809523809,202.81271525526742,137.1017316017316,"Fire"
"fire_381.jpg",106.89179875947623,56.058118081180815,163.1288766368022,123.42343173431735,"Fire"
"fire_382.jpg",120.53718851296595,10.707792207792208,163.9837039100486,62.98701298701299,"Fire"
"fire_383.jpg",54.00327348812095,2.178571428571429,188.03855066594673,146.3603896103896,"Fire"
"fire_384.jpg",63.30852906767459,2.376623376623377,185.46475656947445,142.79545454545456,"Fire"
"fire_386.jpg",81.93993506493507,117.85714285714286,137.7029220779221,197.24025974025975,"Fire"
"fire_385.jpg",104.32253618194348,39.38874101216814,172.63128876636802,122.2106436670354,"Fire"
"fire_387.jpg",51.50162337662338,8.035714285714286,188.8392857142857,153.16558441558442,"Fire"
"fire_388.jpg",11.405336581045173,11.204545454545455,218.5479406554473,174.8787878787879,"Fire"
"fire_389.jpg",78.64458395802099,4.654761904761905,190.57112068965517,137.41666666666666,"Fire"
"fire_390.jpg",102.54310344827586,24.38636363636363,181.0876885775862,130.34090909090904,"Fire"
"fire_39.jpg",141.90824109071275,17.626623376623378,235.75273353131752,89.32142857142858,"Fire"
"fire_391.jpg",53.483365063150075,111.11688311688312,107.24042301263002,149.16233766233768,"Fire"
"fire_392.jpg",101.71745635349173,1.5844155844155845,158.53891063714903,112.0974025974026,"Fire"
"fire_393.jpg",41.82973308346839,25.824675324675326,179.72519499594813,131.64285714285714,"Fire"
"fire_394.jpg",185.66274073074155,116.85064935064936,221.2998897588193,178.84090909090912,"Fire"
"fire_394.jpg",11.040710493160548,31.094155844155846,57.171020068394526,72.68506493506494,"Fire"
"fire_394.jpg",63.90248155147589,0.5941558441558442,125.27757154427647,50.30519480519481,"Fire"
"fire_394.jpg",115.77433180345572,4.555194805194805,270.39996175305976,116.25649350649351,"Fire"
"fire_396.jpg",59.79580792682925,166.66666666666666,135.98536585365852,247.02380952380952,"Fire"
"fire_395.jpg",85.72366648706897,117.57575757575758,153.61159752155174,193.93939393939394,"Fire"
"fire_395.jpg",54.931640625,132.60606060606062,84.26892510775862,183.2727272727273,"Fire"
"fire_399.jpg",63.39771729587357,5.465367965367966,214.02194907813873,152.5930735930736,"Fire"
"fire_397.jpg",157.09026442307692,72.4090909090909,240.36872596153847,162.61363636363637,"Fire"
"fire_398.jpg",77.30919627383015,31.324675324675322,154.30573006932408,110.94155844155844,"Fire"
"fire_4.jpg",268.76636802205377,1.2751420454545455,603.762922122674,258.49332386363636,"Fire"
"fire_4.jpg",348.2425913163336,311.0478693181818,369.17987594762235,365.3115056818182,"Fire"
"fire_4.jpg",307.6498966230186,334.9751420454545,345.25155065472086,353.7751420454545,"Fire"
"fire_40.jpg",107.26101286897048,74.66558441558442,174.57562769978404,145.37012987012986,"Fire"
"fire_400.jpg",99.34164641828654,56.4448051948052,195.75993295536358,168.54220779220782,"Fire"
"fire_402.jpg",76.25592345078978,2.5757575757575757,161.77718712029161,188.030303030303,"Fire"
"fire_401.jpg",75.63779342723005,60.61904761904762,112.52323943661972,107.21428571428572,"Fire"
"fire_404.jpg",93.91385251550655,8.462949346405228,261.9365954514128,97.10085784313725,"Fire"
"fire_404.jpg",114.35768435561683,12.724387254901961,218.49345279117853,132.04464869281045,"Fire"
"fire_403.jpg",44.65196416264645,39.197841579292266,226.25086147484495,117.60020068807339,"Fire"
"fire_405.jpg",44.89455547898002,2.3227688318777293,154.31288766368021,155.0607600982533,"Fire"
"fire_405.jpg",159.17160578911097,96.18084743449782,195.70916609235013,139.90355485807862,"Fire"
"fire_406.jpg",425.7706967213115,145.87012987012986,1899.718237704918,1501.7142857142858,"Fire"
"fire_407.jpg",403.5389386629911,4.03441722972973,634.0689179875949,272.93982263513516,"Fire"
"fire_407.jpg",37.90144727773949,15.183065878378379,267.09372846312885,331.8046875,"Fire"
"fire_41.jpg",150.7291523087526,46.638335755813955,233.84148862853206,146.41507994186048,"Fire"
"fire_41.jpg",42.2605099931082,53.477870639534885,100.21778084079945,123.08019622093023,"Fire"
"fire_410.jpg",110.56277056277055,58.52813852813853,170.47619047619045,105.1082251082251,"Fire"
"fire_409.jpg",474.7335650647948,91.62662337662339,613.7616428185745,264.6991341991342,"Fire"
"fire_409.jpg",102.81131884449243,174.40043290043292,387.0661784557235,343.4891774891775,"Fire"
"fire_408.jpg",372.9841488628532,55.268595041322314,524.7415575465196,277.58264462809916,"Fire"
"fire_411.jpg",52.84631288766368,90.80521177117711,192.2039972432805,164.62919416941693,"Fire"
"fire_411.jpg",55.3907649896623,3.665497799779978,163.62784286698826,97.26725797579759,"Fire"
"fire_413.jpg",105.0831870950324,13.863636363636365,233.3769235961123,110.11688311688312,"Fire"
"fire_412.jpg",63.80702963473466,3.8613173817381736,170.86974500344587,99.42127337733774,"Fire"
"fire_412.jpg",48.54031702274293,89.43447469746975,191.61681598897312,164.23755500550055,"Fire"
"fire_414.jpg",99.52929014472777,0.1320552147239264,152.9000689179876,129.99708588957054,"Fire"
"fire_415.jpg",114.3211578221916,26.89641657334826,253.67470709855274,112.03863381858902,"Fire"
"fire_416.jpg",18.532326276337113,3.1493506493506493,96.1903489667747,85.45238095238095,"Fire"
"fire_416.jpg",106.4747898095624,1.6796536796536796,217.50477360210698,105.18831168831169,"Fire"
"fire_416.jpg",83.5971560980551,116.52597402597402,139.84675091166935,137.1017316017316,"Fire"
"fire_417.jpg",78.76976549837926,128.4935064935065,128.51287732982172,157.46753246753246,"Fire"
"fire_418.jpg",0.12175324675324675,61.607142857142854,128.93668831168833,209.9025974025974,"Fire"
"fire_419.jpg",64.4560124508519,95.96645021645023,97.34198885976409,129.11363636363637,"Fire"
"fire_42.jpg",155.06547208821502,12.663284132841328,244.38318401102686,91.18726937269372,"Fire"
"fire_42.jpg",73.1909028256375,31.674354243542435,152.99793246037217,107.71863468634687,"Fire"
"fire_421.jpg",2.371062094813614,24.984848484848484,117.38889029578606,118.41558441558442,"Fire"
"fire_420.jpg",67.93176605504587,96.76839826839827,97.87672018348624,127.77705627705629,"Fire"
"fire_422.jpg",100.42988842662632,50.458874458874455,125.0509171709531,90.54112554112554,"Fire"
"fire_422.jpg",0,0,75.19842095310136,88.3030303030303,"Fire"
"fire_423.jpg",0.6181943487250172,27.13573619631902,77.06822880771881,100.51978527607362,"Fire"
"fire_424.jpg",197.6567884217781,53.99169741697417,247.0709855272226,151.73339483394835,"Fire"
"fire_427.jpg",124.73491946920583,9.658008658008658,196.24392220421393,146.54978354978357,"Fire"
"fire_427.jpg",47.49666987439221,9.658008658008658,207.22033275931923,110.22727272727272,"Fire"
"fire_426.jpg",88.29817335243553,81.2943722943723,159.0622612225406,165.55735930735932,"Fire"
"fire_429.jpg",107.90742549189814,66.78787878787878,216.90974030671293,214.17316017316017,"Fire"
"fire_428.jpg",108.25093367530599,84.37012987012987,172.79377024838016,144.77597402597402,"Fire"
"fire_425.jpg",45.29197039236861,41.78896103896104,162.3006097012239,106.75,"Fire"
"fire_430.jpg",127.67333113857374,49.54978354978355,210.57851752431117,173.004329004329,"Fire"
"fire_430.jpg",53.373493213128036,81.04329004329004,128.9326504254457,129.54329004329003,"Fire"
"fire_43.jpg",105.4791554175666,54.86038961038961,191.40428140748742,116.45454545454547,"Fire"
"fire_431.jpg",129.42798070296348,50.685424354243544,235.49276361130256,148.0138376383764,"Fire"
"fire_432.jpg",95.52033080634045,22.99538745387454,120.95106822880771,82.7149446494465,"Fire"
"fire_432.jpg",41.35079255685735,26.86346863468635,127.36044107512063,92.0138376383764,"Fire"
"fire_433.jpg",48.855685295176386,43.175324675324674,168.83408702303817,140.2207792207792,"Fire"
"fire_434.jpg",106.27109206263499,1.3863636363636365,234.9607968862491,152.1038961038961,"Fire"
"fire_435.jpg",106.46907622390209,20.795454545454547,184.07886744060477,110.51298701298703,"Fire"
"fire_436.jpg",108.64093728463129,54.324969462540714,215.72708476912476,137.31411169923996,"Fire"
"fire_437.jpg",95.28849270664506,0,200.5039632293355,184.97186147186147,"Fire"
"fire_438.jpg",131.46933149552032,19.096472392638038,203.38594073053065,114.53696319018405,"Fire"
"fire_439.jpg",73.32821531791907,92.21969696969695,132.76174132947978,174.90909090909088,"Fire"
"fire_44.jpg",107.51206064782909,32.50092250922509,209.44176430048242,121.3570110701107,"Fire"
"fire_440.jpg",88.42454669773095,52.6991341991342,126.41401185170177,129.12337662337663,"Fire"
"fire_441.jpg",43.61688486370158,12.081168831168831,258.0415620516499,169.13636363636365,"Fire"
"fire_442.jpg",167.71881461061338,45.40550595238095,224.48518263266715,124.96899801587301,"Fire"
"fire_442.jpg",89.71467953135769,10.484871031746032,163.15368711233634,66.23883928571428,"Fire"
"fire_444.jpg",142.1153069466882,73.06493506493506,207.01029886914378,140.67099567099567,"Fire"
"fire_446.jpg",100.92551970842334,0,163.29053050755942,127.94155844155844,"Fire"
"fire_446.jpg",8.466916396688266,44.36363636363637,99.53963057955363,75.65584415584416,"Fire"
"fire_446.jpg",50.63754274658027,78.03246753246754,77.1674203563715,105.56168831168831,"Fire"
"fire_445.jpg",80.46428571428571,43.714285714285715,138.10714285714283,151.07142857142856,"Fire"
"fire_445.jpg",178.82142857142856,68.57142857142857,240.53571428571428,146.78571428571428,"Fire"
"fire_445.jpg",1.3928571428571428,110.35714285714285,81.32142857142857,157.5,"Fire"
"fire_443.jpg",114.6657477601654,63.45960572747014,168.50034458993798,126.23593580347449,"Fire"
"fire_443.jpg",176.27429359062714,56.268509093376764,211.64576154376292,98.83202700868621,"Fire"
"fire_447.jpg",12.982081323225362,37.44248466257669,202.973811164714,147.72469325153375,"Fire"
"fire_448.jpg",43.625086147484495,0.05811808118081181,258.0289455547898,140.9880073800738,"Fire"
"fire_45.jpg",148.44934527911786,28.161439114391143,200.96485182632668,91.80719557195573,"Fire"
"fire_449.jpg",2.2742935906271535,7.497232472324724,274.56926257753275,108.95848708487085,"Fire"
"fire_450.jpg",109.22122674017919,15.660904983570646,252.3790489317712,152.52399370208104,"Fire"
"fire_451.jpg",81.37835975189525,46.669921875,155.31357684355618,116.15521599264706,"Fire"
"fire_452.jpg",95.407994486561,4.048619631901841,148.7787732598208,125.25598159509202,"Fire"
"fire_452.jpg",238.00482425913162,0.1320552147239264,280.6602343211578,34.35046012269939,"Fire"
"fire_452.jpg",187.7250172294969,113.9185582822086,207.91936595451412,137.41794478527606,"Fire"
"fire_452.jpg",267.47208821502414,96.1909509202454,295.7029634734666,133.50138036809815,"Fire"
"fire_452.jpg",157.02136457615438,116.59831288343558,178.8642315644383,134.73819018404907,"Fire"
"fire_453.jpg",59.131633356306,15.142988929889299,115.1619572708477,100.48616236162361,"Fire"
"fire_454.jpg",66.32469402447805,2.5746753246753364,171.25629949604033,61.396103896103895,"Fire"
"fire_454.jpg",172.99175440964723,89.91558441558442,206.05510934125272,144.97402597402598,"Fire"
"fire_454.jpg",57.76497255219583,91.8961038961039,92.214216612671,151.90584415584416,"Fire"
"fire_454.jpg",134.1868588012959,84.96428571428572,161.90464137868972,139.03246753246754,"Fire"
"fire_455.jpg",130.64123376623377,184.57792207792207,210.26785714285714,206.73701298701297,"Fire"
"fire_455.jpg",44.19642857142857,6.3311688311688314,188.5957792207792,131.4935064935065,"Fire"
"fire_455.jpg",141.84253246753246,91.31493506493507,200.2840909090909,180.4383116883117,"Fire"
"fire_456.jpg",41.530271328293736,110.31493506493507,265.45035772138226,156.8571428571429,"Fire"
"fire_458.jpg",157.75327360441077,24.235239852398525,218.95244658855964,92.01383763837639,"Fire"
"fire_457.jpg",45.485871812543074,46.13929889298893,90.97174362508615,115.36439114391145,"Fire"
"fire_457.jpg",135.83735354927637,55.02490774907749,174.50034458993798,111.64483394833948,"Fire"
"fire_457.jpg",48.1736733287388,38.906826568265686,173.8800827015851,121.56365313653137,"Fire"
"fire_459.jpg",53.60730516558676,76.44805194805195,90.8283274838013,130.71428571428572,"Fire"
"fire_46.jpg",87.78359751895245,9.408128834355828,136.6209510682288,85.26579754601227,"Fire"
"fire_460.jpg",82.15024121295657,48.96546552247874,193.05306685044795,139.72852749088702,"Fire"
"fire_461.jpg",55.41006202618884,44.89944649446495,100.27567195037906,91.60055350553506,"Fire"
"fire_462.jpg",118.06825138230644,99.53246753246754,158.99321188783566,136.10389610389612,"Fire"
"fire_464.jpg",33.1022166271722,32.62337662337663,262.2404472748815,175.5844155844156,"Fire"
"fire_463.jpg",134.7808112850972,144.97402597402598,167.2502137329014,160.42207792207793,"Fire"
"fire_463.jpg",130.82112805975524,67.33766233766234,163.8844829913607,138.43831168831167,"Fire"
"fire_465.jpg",64.70736679497568,70.75541125541126,128.30299078200972,144.87012987012986,"Fire"
"fire_466.jpg",124.73491946920583,83.56277056277057,168.1814348662885,132.27272727272728,"Fire"
"fire_466.jpg",15.384028059157211,117.78571428571428,41.20007344003241,132.48268398268397,"Fire"
"fire_467.jpg",36.687186154949785,96.45129870129871,103.21229375896701,163.987012987013,"Fire"
"fire_468.jpg",200.4686423156444,103.77814797794117,558.2356995175742,268.0612362132353,"Fire"
"fire_47.jpg",138.45623707787732,24.201536016949152,252.38594073053065,90.4444738700565,"Fire"
"fire_48.jpg",54.1801948051948,9.983766233766234,117.49188311688312,133.92857142857144,"Fire"
"fire_48.jpg",121.875,89.8538961038961,164.24512987012986,148.53896103896105,"Fire"
"fire_49.jpg",127.3604410751206,46.13929889298893,237.7670572019297,146.56734317343174,"Fire"
"fire_51.jpg",44.698017908567316,43.769480519480524,165.07238795896328,143.19155844155847,"Fire"
"fire_50.jpg",50.654720882150244,48.6190036900369,88.697450034459,88.29428044280442,"Fire"
"fire_50.jpg",94.07305306685045,30.021217712177123,124.2591316333563,78.99538745387454,"Fire"
"fire_50.jpg",45.89937973811165,26.714944649446494,124.87939352170918,110.40498154981552,"Fire"
"fire_5.jpg",302.57753273604413,172.14154411764704,890.9717436250862,473.90625,"Fire"
"fire_52.jpg",105.4791554175666,27.925324675324678,177.7433742800576,111.10714285714286,"Fire"
"fire_53.jpg",106.8650445464363,1.1883116883116884,270.79593007559396,147.15259740259742,"Fire"
"fire_55.jpg",96.6101220623987,3.1493506493506493,209.7389713330632,183.08225108225108,"Fire"
"fire_54.jpg",87.06822880771881,57.43463287187839,209.70227429359062,138.86894340390882,"Fire"
"fire_56.jpg",2.2742935906271535,1.0913284132841328,299.1729841488629,167.85147601476015,"Fire"
"fire_57.jpg",95.57994735421167,1.9805194805194806,170.21997615190787,142.39935064935068,"Fire"
"fire_58.jpg",43.35196786556604,4.754329004329004,104.75998673349056,101.08116883116884,"Fire"
"fire_59.jpg",78.52813852813853,18.354978354978353,218.6147186147186,91.08225108225108,"Fire"
"fire_6.jpg",200.35714285714286,27.142857142857142,384.6428571428571,295.7142857142857,"Fire"
"fire_6.jpg",421.7857142857143,15,530.3571428571429,274.2857142857143,"Fire"
"fire_6.jpg",166.78571428571428,15,518.9285714285714,293.57142857142856,"Fire"
"fire_60.jpg",87.79488705429497,57.31818181818182,131.03151590356563,130.8030303030303,"Fire"
"fire_61.jpg",38.46910868005739,9.11038961038961,245.5681043758967,171.9090909090909,"Fire"
"fire_62.jpg",91.1040661612681,8.500744047619047,164.3445899379738,66.63566468253968,"Fire"
"fire_62.jpg",167.12336319779462,49.57217261904761,220.118538938663,121.39756944444443,"Fire"
"fire_64.jpg",19.570997807017545,19.634199134199136,200.92346989633174,156.65584415584414,"Fire"
"fire_63.jpg",23.117744330453565,39.80844155844156,136.95863705903528,169.13636363636365,"Fire"
"fire_65.jpg",28.832535885167463,14.621212121212121,194.2376644736842,147.04761904761907,"Fire"
"fire_66.jpg",29.565816678153,44.89944649446495,287.1812543073742,161.2389298892989,"Fire"
"fire_67.jpg",30.91563259724473,1.8896103896103895,137.95777198136142,90.07142857142858,"Fire"
"fire_68.jpg",34.903477005672606,0,126.83378494732577,84.61255411255411,"Fire"
"fire_69.jpg",14.141281874569263,5.838932736063708,212.91592005513442,151.57272113196814,"Fire"
"fire_70.jpg",19.917298414886286,11.413449232081911,214.70847691247417,155.35542875426623,"Fire"
"fire_7.jpg",66.75324675324674,99.2207792207792,101.03896103896102,166.23376623376623,"Fire"
"fire_7.jpg",164.93506493506493,368.3116883116883,244.41558441558442,427.01298701298697,"Fire"
"fire_71.jpg",16.133011716057894,4.644393486916951,215.90351481736735,153.96179963026165,"Fire"
"fire_73.jpg",70.16441703808752,23.305194805194805,143.62470877228526,125.13419913419912,"Fire"
"fire_74.jpg",68.27543810777958,19.106060606060606,139.4269778160454,126.6038961038961,"Fire"
"fire_72.jpg",8.862884719222462,1.3863636363636365,130.425159737221,116.25649350649351,"Fire"
"fire_72.jpg",68.45611726061915,130.1201298701299,111.02271193304536,140.22077922077924,"Fire"
"fire_75.jpg",7.535314374062969,4.848484848484849,227.62601902173915,139.39393939393938,"Fire"
"fire_76.jpg",149.3590627153687,41.178385416666664,225.08063404548585,88.86357060185185,"Fire"
"fire_77.jpg",90.35148173673329,0.8846863468634687,251.6195727084769,86.84778597785979,"Fire"
"fire_78.jpg",58.924879393521714,13.283210332103321,247.89800137835977,142.2278597785978,"Fire"
"fire_79.jpg",64.08614748449345,0,165.47002067539626,114.94923312883435,"Fire"
"fire_8.jpg",51.16883116883116,46.75324675324675,316.1038961038961,343.89610389610385,"Fire"
"fire_82.jpg",22.919760169186468,43.96753246753247,171.40788111951045,110.9090909090909,"Fire"
"fire_81.jpg",24.899601781857452,35.64935064935065,172.99175440964723,114.87012987012987,"Fire"
"fire_80.jpg",214.4038594073053,66.18357933579335,299.5864920744314,109.7850553505535,"Fire"
"fire_83.jpg",77.24328049620952,57.09271599264706,106.02343211578223,82.07433363970588,"Fire"
"fire_83.jpg",142.5775327360441,18.710363051470587,236.36113025499657,116.48609834558823,"Fire"
"fire_84.jpg",140.68629710291734,20.785714285714285,254.65469256482982,90.07142857142856,"Fire"
"fire_87.jpg",69.86216402481047,7.580541448230669,146.3473466574776,124.65000409567497,"Fire"
"fire_85.jpg",85.86339458413926,114.93506493506493,109.25991295938104,140.9090909090909,"Fire"
"fire_88.jpg",13.39421088904204,39.91610429447853,201.73742246726394,151.22898773006136,"Fire"
"fire_89.jpg",9.478980013783598,44.86334355828221,197.8221915920055,148.34309815950922,"Fire"
"fire_86.jpg",147.36108183651027,0.2002164502164502,229.821492393695,39.442640692640694,"Fire"
"fire_86.jpg",97.12427831744867,45.048701298701296,165.1741316898827,120.33008658008657,"Fire"
"fire_86.jpg",3.2555099890029324,92.29978354978354,57.094952804252195,131.94264069264068,"Fire"
"fire_90.jpg",10.92143349414197,54.007361963190185,199.2646450723639,148.54923312883435,"Fire"
"fire_91.jpg",83.52860096485183,6.877306273062731,137.69813921433496,83.12822878228782,"Fire"
"fire_91.jpg",144.10751206064782,38.28690036900369,282.01240523776704,135.20202952029518,"Fire"
"fire_92.jpg",132.2908351904376,83.56277056277057,213.0971560980551,178.04329004329003,"Fire"
"fire_92.jpg",84.43670228930307,143.19047619047618,120.95696160858995,168.17532467532465,"Fire"
"fire_9.jpg",183.21428571428572,120.71428571428572,422.5,489.2857142857143,"Fire"
"fire_93.jpg",141.11630444564435,38.22402597402598,235.9507176925846,111.70129870129871,"Fire"
"fire_93.jpg",100.72753554715624,80.4090909090909,111.61666441684666,96.4512987012987,"Fire"
"fire_93.jpg",147.05582928365732,106.75,210.21277672786178,164.58116883116884,"Fire"
"fire_94.jpg",81.63123206599714,75.25974025974027,109.74600968436155,120.01948051948054,"Fire"
"fire_95.jpg",111.17160578911096,20.339984939759034,249.84355616815992,151.54918537787512,"Fire"
"fire_96.jpg",106.06478290833908,10.596863468634687,273.7422467263956,129.00276752767527,"Fire"
"fire_96.jpg",31.426602343211577,36.01383763837639,105.6512749827705,63.91051660516605,"Fire"
"fire_96.jpg",29.35906271536871,71.55627306273063,119.09028256374914,115.36439114391143,"Fire"
"fire_97.jpg",5.294450243562978,3.311688311688312,216.90196590118302,96.23376623376625,"Fire"
"fire_97.jpg",0,89.02597402597404,40.36751913709116,109.48051948051949,"Fire"
"fire_98.jpg",136.969957496136,71.55844155844156,169.65465610510046,104.45887445887446,"Fire"
"fire_98.jpg",172.5325540958269,81.63419913419914,210.9730486862442,104.87012987012987,"Fire"
"fire_98.jpg",177.26052936630603,110.0108225108225,190.82776275115918,142.5,"Fire"
"fire_99.jpg",185.39213178687194,38.002164502164504,213.72681574149107,117.57575757575758,"Fire"
"fire_99.jpg",129.1425369732577,15.116883116883116,173.63848510940034,85.03246753246754,"Fire"
"fire_99.jpg",86.32568121961101,44.72077922077922,110.25274767017828,68.02597402597402,"Fire"
"fire_99.jpg",115.7097979132901,78.31385281385282,152.23005723257697,119.88528138528139,"Fire"